date,BTC,ETH
2010-07-16,0.04951,
2010-07-17,0.05941,
2010-07-18,0.07723,
2010-07-19,0.07426,
2010-07-20,0.06634,
2010-07-21,0.0505,
2010-07-22,0.0505,
2010-07-23,0.05049,
2010-07-24,0.0505,
2010-07-25,0.05,
2010-07-26,0.053,
2010-07-27,0.054,
2010-07-28,0.0571,
2010-07-29,0.0582,
2010-07-30,0.056,
2010-07-31,0.06,
2010-08-01,0.06,
2010-08-02,0.059,
2010-08-03,0.057,
2010-08-04,0.058,
2010-08-05,0.0607,
2010-08-06,0.059,
2010-08-07,0.059,
2010-08-08,0.0593,
2010-08-09,0.06651,
2010-08-10,0.06,
2010-08-11,0.06141,
2010-08-12,0.0645,
2010-08-13,0.0645,
2010-08-14,0.065,
2010-08-15,0.062,
2010-08-16,0.06243,
2010-08-17,0.067,
2010-08-18,0.0667,
2010-08-19,0.065,
2010-08-20,0.0644,
2010-08-21,0.0612,
2010-08-22,0.063,
2010-08-23,0.06491,
2010-08-24,0.0641,
2010-08-25,0.064,
2010-08-26,0.063,
2010-08-27,0.0641,
2010-08-28,0.064,
2010-08-29,0.03211,
2010-08-30,0.06,
2010-08-31,0.05961,
2010-09-01,0.0601,
2010-09-02,0.06085,
2010-09-03,0.0612,
2010-09-04,0.0605,
2010-09-05,0.0616,
2010-09-06,0.0603,
2010-09-07,0.06099,
2010-09-08,0.06109,
2010-09-09,0.06014,
2010-09-10,0.0619,
2010-09-11,0.0615,
2010-09-12,0.0607,
2010-09-13,0.061,
2010-09-14,0.0604,
2010-09-15,0.0618,
2010-09-16,0.059,
2010-09-17,0.05761,
2010-09-18,0.06,
2010-09-19,0.062,
2010-09-20,0.0623,
2010-09-21,0.06147,
2010-09-22,0.0615,
2010-09-23,0.06209,
2010-09-24,0.0617,
2010-09-25,0.06186,
2010-09-26,0.0619,
2010-09-27,0.0617,
2010-09-28,0.0615,
2010-09-29,0.06155,
2010-09-30,0.06189,
2010-10-01,0.06125,
2010-10-02,0.061,
2010-10-03,0.06081,
2010-10-04,0.0609,
2010-10-05,0.0612,
2010-10-06,0.0628,
2010-10-07,0.01,
2010-10-08,0.068,
2010-10-09,0.07999,
2010-10-10,0.091,
2010-10-11,0.082,
2010-10-12,0.092,
2010-10-13,0.065,
2010-10-14,0.092,
2010-10-15,0.1,
2010-10-16,0.1,
2010-10-17,0.097,
2010-10-18,0.097,
2010-10-19,0.094,
2010-10-20,0.097,
2010-10-21,0.1015,
2010-10-22,0.1045,
2010-10-23,0.108,
2010-10-24,0.09009,
2010-10-25,0.133,
2010-10-26,0.151,
2010-10-27,0.1731,
2010-10-28,0.173,
2010-10-29,0.1875,
2010-10-30,0.171,
2010-10-31,0.172,
2010-11-01,0.1905,
2010-11-02,0.125,
2010-11-03,0.1934,
2010-11-04,0.2101,
2010-11-05,0.2402,
2010-11-06,0.286,
2010-11-07,0.2261,
2010-11-08,0.199,
2010-11-09,0.14,
2010-11-10,0.21,
2010-11-11,0.223,
2010-11-12,0.2683,
2010-11-13,0.2702,
2010-11-14,0.2682,
2010-11-15,0.223,
2010-11-16,0.2116,
2010-11-17,0.2221,
2010-11-18,0.2682,
2010-11-19,0.2682,
2010-11-20,0.2763,
2010-11-21,0.269,
2010-11-22,0.276,
2010-11-23,0.2761,
2010-11-24,0.278,
2010-11-25,0.2761,
2010-11-26,0.2826,
2010-11-27,0.27,
2010-11-28,0.2151,
2010-11-29,0.204,
2010-11-30,0.2095,
2010-12-01,0.218,
2010-12-02,0.243,
2010-12-03,0.205,
2010-12-04,0.19,
2010-12-05,0.1841,
2010-12-06,0.1701,
2010-12-07,0.22,
2010-12-08,0.1701,
2010-12-09,0.1825,
2010-12-10,0.1907,
2010-12-11,0.2068,
2010-12-12,0.21,
2010-12-13,0.21,
2010-12-14,0.238,
2010-12-15,0.2222,
2010-12-16,0.24,
2010-12-17,0.241,
2010-12-18,0.24,
2010-12-19,0.24,
2010-12-20,0.24,
2010-12-21,0.244,
2010-12-22,0.241,
2010-12-23,0.242,
2010-12-24,0.2475,
2010-12-25,0.2464,
2010-12-26,0.251,
2010-12-27,0.2612,
2010-12-28,0.271,
2010-12-29,0.291,
2010-12-30,0.292,
2010-12-31,0.292,
2011-01-01,0.289,
2011-01-02,0.29,
2011-01-03,0.289,
2011-01-04,0.29,
2011-01-05,0.29,
2011-01-06,0.2975,
2011-01-07,0.309,
2011-01-08,0.3229,
2011-01-09,0.3175,
2011-01-10,0.3176,
2011-01-11,0.318,
2011-01-12,0.3176,
2011-01-13,0.3176,
2011-01-14,0.385,
2011-01-15,0.386,
2011-01-16,0.315,
2011-01-17,0.305,
2011-01-18,0.305,
2011-01-19,0.31,
2011-01-20,0.368,
2011-01-21,0.39,
2011-01-22,0.42,
2011-01-23,0.381,
2011-01-24,0.4,
2011-01-25,0.3904,
2011-01-26,0.4085,
2011-01-27,0.4212,
2011-01-28,0.43,
2011-01-29,0.445,
2011-01-30,0.47,
2011-01-31,0.5201,
2011-02-01,0.69,
2011-02-02,0.6501,
2011-02-03,0.67,
2011-02-04,0.8115,
2011-02-05,0.83,
2011-02-06,0.83,
2011-02-07,0.8617,
2011-02-08,0.82,
2011-02-09,0.8,
2011-02-10,0.9264,
2011-02-11,0.9906,
2011-02-12,1.02,
2011-02-13,1.03,
2011-02-14,1.03,
2011-02-15,1.02,
2011-02-16,1.02,
2011-02-17,0.7801,
2011-02-18,0.8376,
2011-02-19,0.83,
2011-02-20,0.8313,
2011-02-21,0.8313,
2011-02-22,0.8681,
2011-02-23,0.9,
2011-02-24,0.9111,
2011-02-25,0.9106,
2011-02-26,0.89,
2011-02-27,0.845,
2011-02-28,0.8502,
2011-03-01,0.9102,
2011-03-02,0.91,
2011-03-03,0.9001,
2011-03-04,0.8111,
2011-03-05,0.81,
2011-03-06,0.846,
2011-03-07,0.85,
2011-03-08,0.85,
2011-03-09,0.8497,
2011-03-10,0.8601,
2011-03-11,0.88,
2011-03-12,0.8898,
2011-03-13,0.88,
2011-03-14,0.87,
2011-03-15,0.836,
2011-03-16,0.81,
2011-03-17,0.71,
2011-03-18,0.7313,
2011-03-19,0.7402,
2011-03-20,0.7405,
2011-03-21,0.7405,
2011-03-22,0.78,
2011-03-23,0.8266,
2011-03-24,0.861,
2011-03-25,0.841,
2011-03-26,0.8152,
2011-03-27,0.76,
2011-03-28,0.7648,
2011-03-29,0.766,
2011-03-30,0.768,
2011-03-31,0.7741,
2011-04-01,0.7741,
2011-04-02,0.777,
2011-04-03,0.5619,
2011-04-04,0.58,
2011-04-05,0.6902,
2011-04-06,0.7205,
2011-04-07,0.7309,
2011-04-08,0.7205,
2011-04-09,0.71,
2011-04-10,0.7103,
2011-04-11,0.7703,
2011-04-12,0.86,
2011-04-13,0.91,
2011-04-14,0.911,
2011-04-15,0.9541,
2011-04-16,1.03,
2011-04-17,1.11,
2011-04-18,1.14,
2011-04-19,1.13,
2011-04-20,1.14,
2011-04-21,1.19,
2011-04-22,1.32,
2011-04-23,1.6,
2011-04-24,1.52,
2011-04-25,1.53,
2011-04-26,1.72,
2011-04-27,1.66,
2011-04-28,2.21,
2011-04-29,2.75,
2011-04-30,2.5,
2011-05-01,3.03,
2011-05-02,3.11,
2011-05-03,3.25,
2011-05-04,3.33,
2011-05-05,3.29,
2011-05-06,3.43,
2011-05-07,3.63,
2011-05-08,3.69,
2011-05-09,3.81,
2011-05-10,4.6,
2011-05-11,5.22,
2011-05-12,6.32,
2011-05-13,5.83,
2011-05-14,6.2,
2011-05-15,6.75,
2011-05-16,6.98,
2011-05-17,6.6,
2011-05-18,6.61,
2011-05-19,5.58,
2011-05-20,5.58,
2011-05-21,5.99,
2011-05-22,6.69,
2011-05-23,6.96,
2011-05-24,7.22,
2011-05-25,8.01,
2011-05-26,8.5,
2011-05-27,8.11,
2011-05-28,8.1,
2011-05-29,8.25,
2011-05-30,8.1,
2011-05-31,8.3,
2011-06-01,9.5,
2011-06-02,10.58,
2011-06-03,14.04,
2011-06-04,16.2,
2011-06-05,16.45,
2011-06-06,18.26,
2011-06-07,22.21,
2011-06-08,26.15,
2011-06-09,20.01,
2011-06-10,13,
2011-06-11,10.25,
2011-06-12,16,
2011-06-13,18,
2011-06-14,19.02,
2011-06-15,17,
2011-06-16,13,
2011-06-17,15.05,
2011-06-18,16.85,
2011-06-19,17.51,
2011-06-20,17.51,
2011-06-21,17.51,
2011-06-22,17.51,
2011-06-23,17.51,
2011-06-24,17.51,
2011-06-25,14.01,
2011-06-26,15,
2011-06-27,16.5,
2011-06-28,16.67,
2011-06-29,15.73,
2011-06-30,15.26,
2011-07-01,15.27,
2011-07-02,15.31,
2011-07-03,13.14,
2011-07-04,11,
2011-07-05,12.67,
2011-07-06,14.5,
2011-07-07,13.9,
2011-07-08,14.02,
2011-07-09,14.35,
2011-07-10,13.8,
2011-07-11,13.9,
2011-07-12,13.91,
2011-07-13,13.7,
2011-07-14,13.5,
2011-07-15,13.5,
2011-07-16,13.02,
2011-07-17,12.51,
2011-07-18,13.44,
2011-07-19,13.4,
2011-07-20,13.4,
2011-07-21,13.45,
2011-07-22,13.51,
2011-07-23,13.6,
2011-07-24,13.76,
2011-07-25,13.77,
2011-07-26,13.85,
2011-07-27,13.31,
2011-07-28,13.33,
2011-07-29,13.45,
2011-07-30,12.83,
2011-07-31,12.85,
2011-08-01,11.5,
2011-08-02,8.7,
2011-08-03,9.27,
2011-08-04,9.5,
2011-08-05,5.74,
2011-08-06,6.01,
2011-08-07,7.06,
2011-08-08,7.67,
2011-08-09,9.5,
2011-08-10,8.45,
2011-08-11,8.91,
2011-08-12,9.28,
2011-08-13,9.62,
2011-08-14,10.72,
2011-08-15,10.81,
2011-08-16,10.66,
2011-08-17,10.81,
2011-08-18,10.83,
2011-08-19,11.4,
2011-08-20,11.31,
2011-08-21,10.51,
2011-08-22,10.81,
2011-08-23,10.83,
2011-08-24,9.1,
2011-08-25,7.64,
2011-08-26,8.12,
2011-08-27,8.45,
2011-08-28,8.65,
2011-08-29,8.55,
2011-08-30,8.01,
2011-08-31,8.1,
2011-09-01,8.23,
2011-09-02,8.36,
2011-09-03,7.85,
2011-09-04,7.25,
2011-09-05,6.12,
2011-09-06,6.53,
2011-09-07,6.51,
2011-09-08,4.18,
2011-09-09,4.63,
2011-09-10,4.6,
2011-09-11,5.41,
2011-09-12,5.7,
2011-09-13,5.32,
2011-09-14,4.44,
2011-09-15,4.61,
2011-09-16,4.7,
2011-09-17,4.72,
2011-09-18,4.9,
2011-09-19,5.45,
2011-09-20,5.06,
2011-09-21,5.29,
2011-09-22,5.41,
2011-09-23,5.32,
2011-09-24,5.32,
2011-09-25,4.72,
2011-09-26,4.78,
2011-09-27,4.63,
2011-09-28,4.67,
2011-09-29,4.74,
2011-09-30,4.86,
2011-10-01,4.91,
2011-10-02,4.89,
2011-10-03,4.92,
2011-10-04,4.83,
2011-10-05,4.5,
2011-10-06,3.78,
2011-10-07,3.83,
2011-10-08,4.01,
2011-10-09,4.01,
2011-10-10,3.85,
2011-10-11,3.9,
2011-10-12,4,
2011-10-13,3.95,
2011-10-14,3.71,
2011-10-15,3.4,
2011-10-16,2.26,
2011-10-17,2.31,
2011-10-18,2.04,
2011-10-19,2.22,
2011-10-20,2.33,
2011-10-21,2.55,
2011-10-22,2.95,
2011-10-23,2.48,
2011-10-24,2.44,
2011-10-25,2.65,
2011-10-26,2.73,
2011-10-27,2.91,
2011-10-28,3.14,
2011-10-29,3.2,
2011-10-30,3.07,
2011-10-31,3.07,
2011-11-01,3.14,
2011-11-02,3.1,
2011-11-03,3.01,
2011-11-04,2.85,
2011-11-05,2.92,
2011-11-06,2.95,
2011-11-07,3.01,
2011-11-08,2.89,
2011-11-09,2.8,
2011-11-10,2.82,
2011-11-11,3.01,
2011-11-12,2.95,
2011-11-13,2.1,
2011-11-14,2.11,
2011-11-15,2.3,
2011-11-16,1.99,
2011-11-17,2,
2011-11-18,2,
2011-11-19,2.15,
2011-11-20,2.17,
2011-11-21,2.25,
2011-11-22,2.27,
2011-11-23,2.31,
2011-11-24,2.37,
2011-11-25,2.41,
2011-11-26,2.42,
2011-11-27,2.44,
2011-11-28,2.54,
2011-11-29,2.73,
2011-11-30,2.93,
2011-12-01,3.03,
2011-12-02,2.75,
2011-12-03,2.61,
2011-12-04,2.78,
2011-12-05,2.87,
2011-12-06,2.93,
2011-12-07,2.88,
2011-12-08,2.93,
2011-12-09,2.93,
2011-12-10,2.99,
2011-12-11,3.08,
2011-12-12,3.14,
2011-12-13,2.99,
2011-12-14,3.11,
2011-12-15,3.15,
2011-12-16,3.16,
2011-12-17,3.18,
2011-12-18,3.19,
2011-12-19,3.48,
2011-12-20,3.81,
2011-12-21,3.51,
2011-12-21,3.51,
2011-12-22,3.82,
2011-12-23,3.86,
2011-12-24,3.78,
2011-12-25,3.81,
2011-12-26,3.96,
2011-12-27,3.99,
2011-12-28,4.12,
2011-12-29,4.06,
2011-12-30,4.2,
2011-12-31,4.62,
2012-01-01,4.8,
2012-01-02,4.65,
2012-01-03,4.75,
2012-01-04,5.57,
2012-01-05,6.13,
2012-01-06,6.38,
2012-01-07,6.73,
2012-01-08,5.81,
2012-01-09,6,
2012-01-10,6.41,
2012-01-11,6.34,
2012-01-12,6.4,
2012-01-13,6.22,
2012-01-14,6.74,
2012-01-15,6.51,
2012-01-16,4.64,
2012-01-17,5.1,
2012-01-18,5.87,
2012-01-19,6.26,
2012-01-20,6.1,
2012-01-21,6.1,
2012-01-22,6.21,
2012-01-23,6.22,
2012-01-24,5.5,
2012-01-25,5.3,
2012-01-26,5.05,
2012-01-27,5.26,
2012-01-28,5.33,
2012-01-29,5.37,
2012-01-30,5.43,
2012-01-31,5.47,
2012-02-01,5.82,
2012-02-02,5.72,
2012-02-03,5.84,
2012-02-04,5.45,
2012-02-05,5.45,
2012-02-06,5.45,
2012-02-07,5.3,
2012-02-08,5.5,
2012-02-09,5.8,
2012-02-10,5.54,
2012-02-11,5.43,
2012-02-12,5.2,
2012-02-13,4.21,
2012-02-14,4.2,
2012-02-15,3.88,
2012-02-16,4.23,
2012-02-17,4.12,
2012-02-18,4.18,
2012-02-19,4.29,
2012-02-20,4.21,
2012-02-21,4.27,
2012-02-22,4.42,
2012-02-23,4.83,
2012-02-24,4.65,
2012-02-25,4.77,
2012-02-26,4.89,
2012-02-27,4.74,
2012-02-28,4.8,
2012-02-29,4.86,
2012-03-01,4.51,
2012-03-02,4.51,
2012-03-03,4.61,
2012-03-04,4.82,
2012-03-05,4.9,
2012-03-06,4.84,
2012-03-07,4.76,
2012-03-08,4.82,
2012-03-09,4.75,
2012-03-10,4.81,
2012-03-11,4.86,
2012-03-12,4.87,
2012-03-13,5.25,
2012-03-14,5.26,
2012-03-15,5.3,
2012-03-16,5.21,
2012-03-17,5.21,
2012-03-18,4.5,
2012-03-19,4.59,
2012-03-20,4.75,
2012-03-21,4.6,
2012-03-22,4.6,
2012-03-23,4.6,
2012-03-24,4.3,
2012-03-25,4.52,
2012-03-26,4.49,
2012-03-27,4.72,
2012-03-28,4.71,
2012-03-29,4.72,
2012-03-30,4.82,
2012-03-31,4.73,
2012-04-01,4.76,
2012-04-02,4.81,
2012-04-03,4.89,
2012-04-04,4.87,
2012-04-05,4.88,
2012-04-06,4.69,
2012-04-07,4.62,
2012-04-08,4.73,
2012-04-09,4.76,
2012-04-10,4.79,
2012-04-11,4.84,
2012-04-12,4.73,
2012-04-13,4.9,
2012-04-14,4.86,
2012-04-15,4.91,
2012-04-16,4.93,
2012-04-17,4.96,
2012-04-18,5.1,
2012-04-19,5.1,
2012-04-20,5.11,
2012-04-21,5.1,
2012-04-22,4.96,
2012-04-23,4.95,
2012-04-24,5.04,
2012-04-25,4.99,
2012-04-26,5.03,
2012-04-27,4.85,
2012-04-28,4.88,
2012-04-29,4.87,
2012-04-30,4.92,
2012-05-01,4.97,
2012-05-02,5.02,
2012-05-03,5.07,
2012-05-04,5.03,
2012-05-05,5.01,
2012-05-06,4.97,
2012-05-07,4.96,
2012-05-08,5,
2012-05-09,4.8,
2012-05-10,4.8,
2012-05-11,4.92,
2012-05-12,4.92,
2012-05-13,4.9,
2012-05-14,4.95,
2012-05-15,5,
2012-05-16,5.05,
2012-05-17,5.06,
2012-05-18,5.07,
2012-05-19,5.09,
2012-05-20,5.06,
2012-05-21,5.05,
2012-05-22,5.07,
2012-05-23,5.07,
2012-05-24,5.1,
2012-05-25,5.1,
2012-05-26,5.1,
2012-05-27,5.11,
2012-05-28,5.01,
2012-05-29,5.1,
2012-05-30,5.11,
2012-05-31,5.18,
2012-06-01,5.21,
2012-06-02,5.21,
2012-06-03,5.18,
2012-06-04,5.22,
2012-06-05,5.39,
2012-06-06,5.41,
2012-06-07,5.56,
2012-06-08,5.46,
2012-06-09,5.43,
2012-06-10,5.43,
2012-06-11,5.5,
2012-06-12,5.66,
2012-06-13,5.81,
2012-06-14,5.88,
2012-06-15,6.26,
2012-06-16,6.1,
2012-06-17,6.03,
2012-06-18,6.28,
2012-06-19,6.45,
2012-06-20,6.56,
2012-06-21,6.43,
2012-06-22,6.4,
2012-06-23,6.35,
2012-06-24,6.22,
2012-06-25,6.29,
2012-06-26,6.4,
2012-06-27,6.49,
2012-06-28,6.54,
2012-06-29,6.6,
2012-06-30,6.54,
2012-07-01,6.58,
2012-07-02,6.4,
2012-07-03,6.45,
2012-07-04,6.48,
2012-07-05,6.55,
2012-07-06,6.63,
2012-07-07,6.72,
2012-07-08,6.74,
2012-07-09,6.96,
2012-07-10,7.02,
2012-07-11,7.1,
2012-07-12,7.42,
2012-07-13,7.52,
2012-07-14,7.45,
2012-07-15,7.62,
2012-07-16,7.32,
2012-07-17,8.5,
2012-07-18,8.82,
2012-07-19,7.6,
2012-07-20,7.96,
2012-07-21,8.27,
2012-07-22,7.75,
2012-07-23,8.34,
2012-07-24,8.37,
2012-07-25,8.6,
2012-07-26,8.81,
2012-07-27,8.71,
2012-07-28,8.7,
2012-07-29,8.7,
2012-07-30,9.08,
2012-07-31,9.11,
2012-08-01,9.41,
2012-08-02,10.3,
2012-08-03,10.53,
2012-08-04,10.11,
2012-08-05,10.64,
2012-08-06,10.65,
2012-08-07,10.85,
2012-08-08,10.8,
2012-08-09,11.01,
2012-08-10,11.39,
2012-08-11,11.45,
2012-08-12,11.49,
2012-08-13,11.89,
2012-08-14,12.16,
2012-08-15,12.5,
2012-08-16,10.6,
2012-08-17,11.02,
2012-08-18,7.58,
2012-08-19,7.81,
2012-08-20,9.7,
2012-08-21,9.57,
2012-08-22,9.71,
2012-08-23,9.85,
2012-08-24,10.2,
2012-08-25,10.45,
2012-08-26,10.54,
2012-08-27,10.5,
2012-08-28,10.55,
2012-08-29,10.6,
2012-08-30,9.66,
2012-08-31,9.78,
2012-09-01,9.72,
2012-09-02,10.09,
2012-09-03,10.15,
2012-09-04,10.26,
2012-09-05,10.64,
2012-09-06,10.95,
2012-09-07,10.77,
2012-09-08,10.92,
2012-09-09,10.87,
2012-09-10,10.88,
2012-09-11,10.78,
2012-09-12,11.22,
2012-09-13,11.32,
2012-09-14,11.6,
2012-09-15,11.72,
2012-09-16,11.77,
2012-09-17,11.84,
2012-09-18,12.15,
2012-09-19,12.25,
2012-09-20,12.01,
2012-09-21,12.14,
2012-09-22,11.63,
2012-09-23,11.95,
2012-09-24,12.01,
2012-09-25,12.02,
2012-09-26,12.21,
2012-09-27,12.12,
2012-09-28,12.21,
2012-09-29,12.3,
2012-09-30,12.32,
2012-10-01,12.34,
2012-10-02,12.68,
2012-10-03,12.6,
2012-10-04,12.51,
2012-10-05,12.35,
2012-10-06,11.7,
2012-10-07,10.62,
2012-10-08,11.57,
2012-10-09,11.77,
2012-10-10,11.86,
2012-10-11,11.92,
2012-10-12,11.85,
2012-10-13,11.5,
2012-10-14,11.43,
2012-10-15,11.5,
2012-10-16,11.7,
2012-10-17,11.75,
2012-10-18,11.62,
2012-10-19,11.56,
2012-10-20,11.61,
2012-10-21,11.47,
2012-10-22,11.41,
2012-10-23,11.59,
2012-10-24,10.52,
2012-10-25,9.74,
2012-10-26,9.82,
2012-10-27,10.25,
2012-10-28,10.32,
2012-10-29,10.58,
2012-10-30,10.71,
2012-10-31,10.4,
2012-11-01,10.33,
2012-11-02,10.4,
2012-11-03,10.51,
2012-11-04,10.61,
2012-11-05,10.67,
2012-11-06,10.8,
2012-11-07,10.75,
2012-11-08,10.79,
2012-11-09,10.75,
2012-11-10,10.7,
2012-11-11,10.77,
2012-11-12,10.92,
2012-11-13,10.82,
2012-11-14,10.86,
2012-11-15,11.17,
2012-11-16,11.52,
2012-11-17,11.62,
2012-11-18,11.6,
2012-11-19,11.57,
2012-11-20,11.64,
2012-11-21,11.67,
2012-11-22,12.13,
2012-11-23,12.25,
2012-11-24,12.31,
2012-11-25,11.89,
2012-11-26,11.9,
2012-11-27,12.1,
2012-11-28,12.15,
2012-11-29,12.42,
2012-11-30,12.46,
2012-12-01,12.43,
2012-12-02,12.48,
2012-12-03,12.62,
2012-12-04,13.15,
2012-12-05,12.9,
2012-12-06,12.98,
2012-12-07,13.35,
2012-12-08,13.02,
2012-12-09,13.27,
2012-12-10,13.3,
2012-12-11,13.3,
2012-12-12,13.47,
2012-12-13,13,
2012-12-14,13.44,
2012-12-15,13.13,
2012-12-16,12.75,
2012-12-17,13.11,
2012-12-18,13.2,
2012-12-19,13.33,
2012-12-20,13.42,
2012-12-21,13.32,
2012-12-22,13.01,
2012-12-23,13.21,
2012-12-24,13.14,
2012-12-25,13.2,
2012-12-26,13.25,
2012-12-27,13.34,
2012-12-28,13.27,
2012-12-29,13.35,
2012-12-30,13.37,
2012-12-31,13.16,
2013-01-01,13.16,
2013-01-02,13.25,
2013-01-03,13.27,
2013-01-04,13.31,
2013-01-05,13.36,
2013-01-06,13.4,
2013-01-07,13.5,
2013-01-08,13.62,
2013-01-09,13.77,
2013-01-10,13.91,
2013-01-11,13.98,
2013-01-12,13.95,
2013-01-13,14.11,
2013-01-14,13.99,
2013-01-15,14.21,
2013-01-16,14.63,
2013-01-17,15.41,
2013-01-18,15.25,
2013-01-19,15.51,
2013-01-20,15.63,
2013-01-21,16.65,
2013-01-22,16.8,
2013-01-23,15.61,
2013-01-24,15.39,
2013-01-25,16.54,
2013-01-26,17.21,
2013-01-27,17.75,
2013-01-28,18.7,
2013-01-29,19.15,
2013-01-30,19.51,
2013-01-31,20.3,
2013-02-01,18,
2013-02-02,19.42,
2013-02-03,19.86,
2013-02-04,20.2,
2013-02-05,20.6,
2013-02-06,20.77,
2013-02-07,22,
2013-02-08,22.58,
2013-02-09,22.67,
2013-02-10,23.65,
2013-02-11,24.3,
2013-02-12,24.19,
2013-02-13,21.72,
2013-02-14,26.1,
2013-02-15,26.81,
2013-02-16,25,
2013-02-17,26.36,
2013-02-18,26.8,
2013-02-19,28.99,
2013-02-20,29.31,
2013-02-21,29.67,
2013-02-22,28,
2013-02-23,29.2,
2013-02-24,29.55,
2013-02-25,30.12,
2013-02-26,30.79,
2013-02-27,30.9,
2013-02-28,32.92,
2013-03-01,33.15,
2013-03-02,33.8,
2013-03-03,34.19,
2013-03-04,36.15,
2013-03-05,40.14,
2013-03-06,33.3,
2013-03-07,41.02,
2013-03-08,43.41,
2013-03-09,45.47,
2013-03-10,45.54,
2013-03-11,36.65,
2013-03-12,43.75,
2013-03-13,46.05,
2013-03-14,46.4,
2013-03-15,46.27,
2013-03-16,46.8,
2013-03-17,47.12,
2013-03-18,50,
2013-03-19,57.7,
2013-03-20,63.1,
2013-03-21,65,
2013-03-22,52.35,
2013-03-23,62.7,
2013-03-24,69.52,
2013-03-25,73.11,
2013-03-26,78.4,
2013-03-27,75,
2013-03-28,83.01,
2013-03-29,87,
2013-03-30,91,
2013-03-31,92.24,
2013-04-01,99,
2013-04-02,110,
2013-04-03,116.39,
2013-04-04,130.24,
2013-04-05,139.54,
2013-04-06,142.63,
2013-04-07,162.6,
2013-04-08,186.5,
2013-04-09,105,
2013-04-10,110.2,
2013-04-11,54.25,
2013-04-12,85.5,
2013-04-13,84.44,
2013-04-14,71.51,
2013-04-15,50.01,
2013-04-16,63.3,
2013-04-17,86,
2013-04-18,105.54,
2013-04-19,115,
2013-04-20,110,
2013-04-21,118.5,
2013-04-22,124.97,
2013-04-23,140.97,
2013-04-24,120.09,
2013-04-25,121.45,
2013-04-26,122.71,
2013-04-27,127.5,
2013-04-28,133,
2013-04-29,134,
2013-04-30,104,
2013-05-01,91.11,
2013-05-02,79,
2013-05-03,92,
2013-05-04,107,
2013-05-05,106.01,
2013-05-06,97.52,
2013-05-07,109.5,
2013-05-08,108.8,
2013-05-09,111.54,
2013-05-10,113,
2013-05-11,112.4,
2013-05-12,114.5,
2013-05-13,109.42,
2013-05-14,103.02,
2013-05-15,112.1,
2013-05-16,116.57,
2013-05-17,122.25,
2013-05-18,119.5,
2013-05-19,120.1,
2013-05-20,121.1,
2013-05-21,122,
2013-05-22,123,
2013-05-23,125.36,
2013-05-24,128.2,
2013-05-25,130.61,
2013-05-26,124,
2013-05-27,125.4,
2013-05-28,127.6,
2013-05-29,126.5,
2013-05-30,126.33,
2013-05-31,127.1,
2013-06-01,115,
2013-06-02,115.11,
2013-06-03,118.79,
2013-06-04,119.5,
2013-06-05,117,
2013-06-06,106.15,
2013-06-07,107,
2013-06-08,88,
2013-06-09,95,
2013-06-10,103.23,
2013-06-11,106,
2013-06-12,100.3,
2013-06-13,97.1,
2013-06-14,97.5,
2013-06-15,98.9,
2013-06-16,98.9,
2013-06-17,101.03,
2013-06-18,104.66,
2013-06-19,107.12,
2013-06-20,107.56,
2013-06-21,107.51,
2013-06-22,106.2,
2013-06-23,100.76,
2013-06-24,100,
2013-06-25,101.83,
2013-06-26,100.06,
2013-06-27,92.25,
2013-06-28,93,
2013-06-29,93.85,
2013-06-30,86.01,
2013-07-01,87.51,
2013-07-02,76,
2013-07-03,72,
2013-07-04,65.42,
2013-07-05,66.81,
2013-07-06,66.6,
2013-07-07,72.46,
2013-07-08,72.51,
2013-07-09,75.53,
2013-07-10,85,
2013-07-11,88,
2013-07-12,87.76,
2013-07-13,92.86,
2013-07-14,93.11,
2013-07-15,96,
2013-07-16,96.18,
2013-07-17,86.2,
2013-07-18,87.6,
2013-07-19,89.27,
2013-07-20,88,
2013-07-21,89.8,
2013-07-22,91.6,
2013-07-23,92.3,
2013-07-24,93.57,
2013-07-25,96,
2013-07-26,93,
2013-07-27,94,
2013-07-28,98.45,
2013-07-29,100.47,
2013-07-30,103.55,
2013-07-31,103,
2013-08-01,101.21,
2013-08-02,102,
2013-08-03,103.5,
2013-08-04,105,
2013-08-05,105.11,
2013-08-06,105.22,
2013-08-07,100.96,
2013-08-08,101.94,
2013-08-09,102.38,
2013-08-10,102.7,
2013-08-11,103.5,
2013-08-12,104.5,
2013-08-13,108,
2013-08-14,108.78,
2013-08-15,108.21,
2013-08-16,108.23,
2013-08-17,112,
2013-08-18,111.77,
2013-08-19,116.82,
2013-08-20,119.68,
2013-08-21,120.54,
2013-08-22,118.44,
2013-08-23,118.02,
2013-08-24,119.14,
2013-08-25,119.92,
2013-08-26,120,
2013-08-27,128.02,
2013-08-28,128.18,
2013-08-29,128.56,
2013-08-30,135.89,
2013-08-31,141,
2013-09-01,142.11,
2013-09-02,142.2,
2013-09-03,130.09,
2013-09-04,127.24,
2013-09-05,121.9,
2013-09-06,121.25,
2013-09-07,124.06,
2013-09-08,124,
2013-09-09,131.38,
2013-09-10,127.5,
2013-09-11,137.51,
2013-09-12,137.82,
2013-09-13,136.5,
2013-09-14,135.04,
2013-09-15,137.9,
2013-09-16,138,
2013-09-17,139.01,
2013-09-18,131.14,
2013-09-19,131,
2013-09-20,132,
2013-09-21,131,
2013-09-22,132,
2013-09-23,132.5,
2013-09-24,134.7,
2013-09-25,134.71,
2013-09-26,134.83,
2013-09-27,138.02,
2013-09-28,141.36,
2013-09-29,138.12,
2013-09-30,139.41,
2013-10-01,109.7,
2013-10-02,120.1,
2013-10-03,128.5,
2013-10-04,135.3,
2013-10-05,134.1,
2013-10-06,135.12,
2013-10-07,135.65,
2013-10-08,135.8,
2013-10-09,138.51,
2013-10-10,138.87,
2013-10-11,139.39,
2013-10-12,141.5,
2013-10-13,146.03,
2013-10-14,150.62,
2013-10-15,144.2,
2013-10-16,150.75,
2013-10-17,156.49,
2013-10-18,167.08,
2013-10-19,177.24,
2013-10-20,183.18,
2013-10-21,192.79,
2013-10-22,200.7,
2013-10-23,175.3,
2013-10-24,176.6,
2013-10-25,186.99,
2013-10-26,188.95,
2013-10-27,200.42,
2013-10-28,204.2,
2013-10-29,203.99,
2013-10-30,205.43,
2013-10-31,209.71,
2013-11-01,211,
2013-11-02,212.1,
2013-11-03,221.95,
2013-11-04,229,
2013-11-05,251.41,
2013-11-06,263.6,
2013-11-07,308.01,
2013-11-08,339.99,
2013-11-09,289.96,
2013-11-10,321.41,
2013-11-11,358.97,
2013-11-12,372.17,
2013-11-13,402.54,
2013-11-14,412.97,
2013-11-15,427.98,
2013-11-16,456.98,
2013-11-17,521.98,
2013-11-18,502.61,
2013-11-19,453.29,
2013-11-20,595.19,
2013-11-21,682.28,
2013-11-22,799.54,
2013-11-23,745.21,
2013-11-24,758.95,
2013-11-25,825.08,
2013-11-26,914.27,
2013-11-27,1032.06,
2013-11-28,1049.96,
2013-11-29,1150.16,
2013-11-30,840.27,
2013-12-01,974.97,
2013-12-02,1064.91,
2013-12-03,1131.35,
2013-12-04,869.99,
2013-12-05,800.07,
2013-12-06,576.03,
2013-12-07,653.03,
2013-12-08,787.73,
2013-12-09,911.96,
2013-12-10,856.06,
2013-12-11,839.51,
2013-12-12,882.11,
2013-12-13,875.11,
2013-12-14,837.98,
2013-12-15,714.03,
2013-12-16,678.88,
2013-12-17,454.86,
2013-12-18,522.44,
2013-12-19,621.25,
2013-12-20,610,
2013-12-21,614.95,
2013-12-22,631.01,
2013-12-23,665.98,
2013-12-24,673.93,
2013-12-25,707.21,
2013-12-26,767.87,
2013-12-27,715.6,
2013-12-28,734.98,
2013-12-29,780.96,
2013-12-30,776.96,
2013-12-31,770.97,
2014-01-01,810.47,
2014-01-02,839.44,
2014-01-03,848.32,
2014-01-04,911.36,
2014-01-05,964.74,
2014-01-06,879.85,
2014-01-07,858.9,
2014-01-08,866.55,
2014-01-09,905.88,
2014-01-10,935,
2014-01-11,922.07,
2014-01-12,879.94,
2014-01-13,904.19,
2014-01-14,915.06,
2014-01-15,910.5,
2014-01-16,867.22,
2014-01-17,884.74,
2014-01-18,901.88,
2014-01-19,925.96,
2014-01-20,943.18,
2014-01-21,934.95,
2014-01-22,936.27,
2014-01-23,902.89,
2014-01-24,915.86,
2014-01-25,950.66,
2014-01-26,937.23,
2014-01-27,911.65,
2014-01-28,918.86,
2014-01-29,909.46,
2014-01-30,924.59,
2014-01-31,927.8,
2014-02-01,934.41,
2014-02-02,931.67,
2014-02-03,900.76,
2014-02-04,890.05,
2014-02-05,800.93,
2014-02-06,651.73,
2014-02-07,632.08,
2014-02-08,622.53,
2014-02-09,500.04,
2014-02-10,550.22,
2014-02-11,511.9,
2014-02-12,451.33,
2014-02-13,302.18,
2014-02-14,310.08,
2014-02-15,220.37,
2014-02-16,263.36,
2014-02-17,248.31,
2014-02-18,257.24,
2014-02-19,109.22,
2014-02-20,91.66,
2014-02-21,96.72,
2014-02-22,220.31,
2014-02-23,131.85,
2014-02-24,102.33,
2014-02-25,522.84,
2014-02-26,580.5,
2014-02-27,570,
2014-02-28,262.77,
2014-03-01,541.54,
2014-03-02,545.42,
2014-03-03,645.16,
2014-03-04,636.77,
2014-03-05,636.22,
2014-03-06,600.31,
2014-03-07,588.58,
2014-03-08,598.51,
2014-03-09,594.7,
2014-03-10,599.92,
2014-03-11,608.2,
2014-03-12,616.06,
2014-03-13,610.61,
2014-03-14,609.18,
2014-03-15,613.17,
2014-03-16,602.74,
2014-03-17,585.66,
2014-03-18,590.14,
2014-03-19,560.35,
2014-03-20,540.22,
2014-03-21,537.16,
2014-03-22,538.63,
2014-03-23,531.27,
2014-03-24,550.43,
2014-03-25,546.26,
2014-03-26,460.45,
2014-03-27,453.75,
2014-03-28,473.78,
2014-03-29,424.03,
2014-03-30,422.49,
2014-03-31,438.03,
2014-04-01,409.25,
2014-04-02,386.67,
2014-04-03,415.51,
2014-04-04,439.37,
2014-04-05,446.3,
2014-04-06,447.98,
2014-04-07,457.57,
2014-04-08,451.07,
2014-04-09,384.63,
2014-04-10,355.71,
2014-04-11,428.02,
2014-04-12,409.85,
2014-04-13,420.08,
2014-04-14,466.43,
2014-04-15,496.08,
2014-04-16,486.89,
2014-04-17,472,
2014-04-18,473.16,
2014-04-19,488.69,
2014-04-20,490.66,
2014-04-21,483.39,
2014-04-22,482.25,
2014-04-23,477.22,
2014-04-24,438.33,
2014-04-25,448.57,
2014-04-26,437.39,
2014-04-27,420.78,
2014-04-28,430.71,
2014-04-29,430.89,
2014-04-30,444.51,
2014-05-01,442,
2014-05-02,429.09,
2014-05-03,428.79,
2014-05-04,426.37,
2014-05-05,420.23,
2014-05-06,423.55,
2014-05-07,439.5,
2014-05-08,438.5,
2014-05-09,441.43,
2014-05-10,429.02,
2014-05-11,430.19,
2014-05-12,432.74,
2014-05-13,433.88,
2014-05-14,441.47,
2014-05-15,441.86,
2014-05-16,452.23,
2014-05-17,449.04,
2014-05-18,441.2,
2014-05-19,437.25,
2014-05-20,481.73,
2014-05-21,485.55,
2014-05-22,515.18,
2014-05-23,510.42,
2014-05-24,520.53,
2014-05-25,564.65,
2014-05-26,555.28,
2014-05-27,562.56,
2014-05-28,557.7,
2014-05-29,564.02,
2014-05-30,604.73,
2014-05-31,621.95,
2014-06-01,625.46,
2014-06-02,631.42,
2014-06-03,602.1,
2014-06-04,635.59,
2014-06-05,647.12,
2014-06-06,641.02,
2014-06-07,648.67,
2014-06-08,639.08,
2014-06-09,641.68,
2014-06-10,642.28,
2014-06-11,591.12,
2014-06-12,594.87,
2014-06-13,563.68,
2014-06-14,560.85,
2014-06-15,580.45,
2014-06-16,594.86,
2014-06-17,603.61,
2014-06-18,598.67,
2014-06-19,587.1,
2014-06-20,584.82,
2014-06-21,591.99,
2014-06-22,582.86,
2014-06-23,585.41,
2014-06-24,566.88,
2014-06-25,565.85,
2014-06-26,580.14,
2014-06-27,593.97,
2014-06-28,593.19,
2014-06-29,596.55,
2014-06-30,634.09,
2014-07-01,604.58,
2014-07-02,633.58,
2014-07-03,623.04,
2014-07-04,619.69,
2014-07-05,622.65,
2014-07-06,607.32,
2014-07-07,609.35,
2014-07-08,610.53,
2014-07-09,611.66,
2014-07-10,616.11,
2014-07-11,625.9,
2014-07-12,627.54,
2014-07-13,616.06,
2014-07-14,617.3,
2014-07-15,614.15,
2014-07-16,610.01,
2014-07-17,617.92,
2014-07-18,625.14,
2014-07-19,619.96,
2014-07-20,615.02,
2014-07-21,620,
2014-07-22,621,
2014-07-23,599.38,
2014-07-24,597.4,
2014-07-25,593.25,
2014-07-26,593.69,
2014-07-27,578.14,
2014-07-28,579.53,
2014-07-29,564.18,
2014-07-30,564.01,
2014-07-31,586.43,
2014-08-01,587.42,
2014-08-02,580.62,
2014-08-03,586.49,
2014-08-04,585.44,
2014-08-05,587.2,
2014-08-06,587.92,
2014-08-07,592.08,
2014-08-08,587.41,
2014-08-09,588.06,
2014-08-10,571.72,
2014-08-11,561.98,
2014-08-12,523.15,
2014-08-13,495.94,
2014-08-14,483.21,
2014-08-15,483.24,
2014-08-16,478.22,
2014-08-17,449.95,
2014-08-18,455.8,
2014-08-19,468.51,
2014-08-20,511.36,
2014-08-21,500.57,
2014-08-22,493.98,
2014-08-23,496.81,
2014-08-24,499.71,
2014-08-25,501.81,
2014-08-26,512.66,
2014-08-27,503.34,
2014-08-28,506.69,
2014-08-29,503.12,
2014-08-30,478.31,
2014-08-31,471.78,
2014-09-01,470.54,
2014-09-02,476.82,
2014-09-03,476.26,
2014-09-04,483.07,
2014-09-05,480.79,
2014-09-06,478.49,
2014-09-07,469.5,
2014-09-08,467.52,
2014-09-09,471.57,
2014-09-10,474.57,
2014-09-11,471.14,
2014-09-12,474.64,
2014-09-13,471.96,
2014-09-14,473.7,
2014-09-15,463.95,
2014-09-16,458.27,
2014-09-17,408.77,
2014-09-18,386.1,
2014-09-19,387.5,
2014-09-20,394.52,
2014-09-21,398.6,
2014-09-22,394.75,
2014-09-23,422.1,
2014-09-24,409.56,
2014-09-25,399.7,
2014-09-26,394.69,
2014-09-27,374.12,
2014-09-28,372.63,
2014-09-29,374.73,
2014-09-30,381.11,
2014-10-01,371.2,
2014-10-02,362.81,
2014-10-03,327.1,
2014-10-04,294.92,
2014-10-05,303.05,
2014-10-06,321.74,
2014-10-07,325.43,
2014-10-08,347.57,
2014-10-09,353.32,
2014-10-10,350.49,
2014-10-11,352.25,
2014-10-12,366.04,
2014-10-13,385.72,
2014-10-14,388.23,
2014-10-15,371.56,
2014-10-16,372.42,
2014-10-17,373.58,
2014-10-18,383.92,
2014-10-19,378.42,
2014-10-20,377.42,
2014-10-21,376.97,
2014-10-22,353.48,
2014-10-23,351.41,
2014-10-24,341.53,
2014-10-25,344.19,
2014-10-26,344.93,
2014-10-27,348.27,
2014-10-28,334.72,
2014-10-29,333.44,
2014-10-30,336.08,
2014-10-31,320.74,
2014-11-01,319.81,
2014-11-02,321.67,
2014-11-03,320.11,
2014-11-04,326.52,
2014-11-05,335.74,
2014-11-06,340.18,
2014-11-07,339.8,
2014-11-08,341.78,
2014-11-09,356.6,
2014-11-10,361.87,
2014-11-11,365.81,
2014-11-12,390.88,
2014-11-13,381.99,
2014-11-14,367.97,
2014-11-15,370.54,
2014-11-16,378.32,
2014-11-17,371.95,
2014-11-18,374.26,
2014-11-19,355.11,
2014-11-20,343.8,
2014-11-21,350.51,
2014-11-22,352.64,
2014-11-23,361.92,
2014-11-24,370.64,
2014-11-25,363.99,
2014-11-26,364.81,
2014-11-27,358.37,
2014-11-28,372.21,
2014-11-29,372.57,
2014-11-30,373.02,
2014-12-01,375.37,
2014-12-02,373.64,
2014-12-03,366.24,
2014-12-04,366.39,
2014-12-05,372.04,
2014-12-06,372.46,
2014-12-07,364.6,
2014-12-08,343.82,
2014-12-09,345.09,
2014-12-10,337.8,
2014-12-11,346,
2014-12-12,343.81,
2014-12-13,344.61,
2014-12-14,343.56,
2014-12-15,328.88,
2014-12-16,314.31,
2014-12-17,303.4,
2014-12-18,306.36,
2014-12-19,316.05,
2014-12-20,320.13,
2014-12-21,319.89,
2014-12-22,328,
2014-12-23,320.65,
2014-12-24,316.3,
2014-12-25,316.36,
2014-12-26,311.98,
2014-12-27,310.5,
2014-12-28,308.28,
2014-12-29,309.25,
2014-12-30,308.89,
2014-12-31,313.54,
2015-01-01,313.08,
2015-01-02,284.89,
2015-01-03,255.87,
2015-01-04,262.89,
2015-01-05,271.52,
2015-01-06,280.74,
2015-01-07,278.99,
2015-01-08,277.28,
2015-01-09,271.98,
2015-01-10,263.76,
2015-01-11,263.3,
2015-01-12,217.1,
2015-01-13,157.29,
2015-01-14,164.55,
2015-01-15,198.72,
2015-01-16,191.71,
2015-01-17,192.51,
2015-01-18,205.47,
2015-01-19,203.42,
2015-01-20,207.11,
2015-01-21,225.57,
2015-01-22,224.84,
2015-01-23,229.58,
2015-01-24,241.36,
2015-01-25,251.5,
2015-01-26,247.26,
2015-01-27,228.06,
2015-01-28,220.36,
2015-01-29,227.19,
2015-01-30,216.46,
2015-01-31,209.71,
2015-02-01,220.53,
2015-02-02,223.91,
2015-02-03,220.23,
2015-02-04,214.35,
2015-02-05,215.65,
2015-02-06,222.38,
2015-02-07,219.5,
2015-02-08,215.66,
2015-02-09,214.44,
2015-02-10,217.28,
2015-02-11,217.3,
2015-02-12,220.62,
2015-02-13,235.38,
2015-02-14,226.56,
2015-02-15,228.01,
2015-02-16,232.03,
2015-02-17,231.7,
2015-02-18,234.87,
2015-02-19,238.83,
2015-02-20,242.65,
2015-02-21,232.72,
2015-02-22,231.33,
2015-02-23,235.5,
2015-02-24,234.59,
2015-02-25,233.5,
2015-02-26,235.7,
2015-02-27,248.73,
2015-02-28,244.77,
2015-03-01,256.15,
2015-03-02,266.12,
2015-03-03,265.91,
2015-03-04,262.81,
2015-03-05,269.02,
2015-03-06,269.41,
2015-03-07,271.31,
2015-03-08,273.79,
2015-03-09,288.12,
2015-03-10,288.88,
2015-03-11,290.83,
2015-03-12,286.08,
2015-03-13,279.3,
2015-03-14,280.37,
2015-03-15,284.77,
2015-03-16,283.25,
2015-03-17,248.19,
2015-03-18,247,
2015-03-19,257.85,
2015-03-20,254.02,
2015-03-21,259,
2015-03-22,259.38,
2015-03-23,242.67,
2015-03-24,234.84,
2015-03-25,243.52,
2015-03-26,244.47,
2015-03-27,246.28,
2015-03-28,238.93,
2015-03-29,236.55,
2015-03-30,241.18,
2015-03-31,239.57,
2015-04-01,244.25,
2015-04-02,251.26,
2015-04-03,250.31,
2015-04-04,250.6,
2015-04-05,252.32,
2015-04-06,250.15,
2015-04-07,242.57,
2015-04-08,237.62,
2015-04-09,231.3,
2015-04-10,233.12,
2015-04-11,232.27,
2015-04-12,220.36,
2015-04-13,214.27,
2015-04-14,217.15,
2015-04-15,222.87,
2015-04-16,220.56,
2015-04-17,220.57,
2015-04-18,221.96,
2015-04-19,221.58,
2015-04-20,223.29,
2015-04-21,231.8,
2015-04-22,232.58,
2015-04-23,229.06,
2015-04-24,223.05,
2015-04-25,214.14,
2015-04-26,216.6,
2015-04-27,222.03,
2015-04-28,222.25,
2015-04-29,224.68,
2015-04-30,232.38,
2015-05-01,231.73,
2015-05-02,233.8,
2015-05-03,237.45,
2015-05-04,231.78,
2015-05-05,228.24,
2015-05-06,228.33,
2015-05-07,235.77,
2015-05-08,238.52,
2015-05-09,238.23,
2015-05-10,238.86,
2015-05-11,239.18,
2015-05-12,234.07,
2015-05-13,232.36,
2015-05-14,235.53,
2015-05-15,234.57,
2015-05-16,235.35,
2015-05-17,231.46,
2015-05-18,231.27,
2015-05-19,231.47,
2015-05-20,233.61,
2015-05-21,234.56,
2015-05-22,238.05,
2015-05-23,237.48,
2015-05-24,235.81,
2015-05-25,235.58,
2015-05-26,235.89,
2015-05-27,236.23,
2015-05-28,235.13,
2015-05-29,231.59,
2015-05-30,229.13,
2015-05-31,220.97,
2015-06-01,222.25,
2015-06-02,223.69,
2015-06-03,223.49,
2015-06-04,222.15,
2015-06-05,223.53,
2015-06-06,222.21,
2015-06-07,222.99,
2015-06-08,227.51,
2015-06-09,227.84,
2015-06-10,228.54,
2015-06-11,229.29,
2015-06-12,229.01,
2015-06-13,232.09,
2015-06-14,233.29,
2015-06-15,235.7,
2015-06-16,245.09,
2015-06-17,242.46,
2015-06-18,243.65,
2015-06-19,238.7,
2015-06-20,240.94,
2015-06-21,243.16,
2015-06-22,242.32,
2015-06-23,239.05,
2015-06-24,239.32,
2015-06-25,240.14,
2015-06-26,241.83,
2015-06-27,246.62,
2015-06-28,247.96,
2015-06-29,255.37,
2015-06-30,254.41,
2015-07-01,253.09,
2015-07-02,252.44,
2015-07-03,253.37,
2015-07-04,257.61,
2015-07-05,266.46,
2015-07-06,263.21,
2015-07-07,263.18,
2015-07-08,265.13,
2015-07-09,266.91,
2015-07-10,282.28,
2015-07-11,291.26,
2015-07-12,276.85,
2015-07-13,285.17,
2015-07-14,283.17,
2015-07-15,273.28,
2015-07-16,271.17,
2015-07-17,243.24,
2015-07-18,271.85,
2015-07-19,271.82,
2015-07-20,274.19,
2015-07-21,273.12,
2015-07-22,274.47,
2015-07-23,274.26,
2015-07-24,284.67,
2015-07-25,286.77,
2015-07-26,285.4,
2015-07-27,291.67,
2015-07-28,286.89,
2015-07-29,284.91,
2015-07-30,280.77,
2015-07-31,276.3,
2015-08-01,275.93,
2015-08-02,278.94,
2015-08-03,279.58,
2015-08-04,280.53,
2015-08-05,276.46,
2015-08-06,274.28,0.6747
2015-08-06,274.28,0.6747
2015-08-07,257.42,0.15
2015-08-08,258.56,1.2
2015-08-09,260.52,1.2
2015-08-10,261.44,0.6504
2015-08-11,263.66,0.905
2015-08-12,261.28,1.26
2015-08-13,260.21,1.79
2015-08-14,259.38,1.5
2015-08-15,254.57,0.5
2015-08-16,252.87,1.25
2015-08-17,245.74,1.15
2015-08-18,214.29,0.99
2015-08-19,225.54,1.24
2015-08-20,230.48,1.44
2015-08-21,221.04,1.4
2015-08-22,224.27,1.31
2015-08-23,207.82,1.24
2015-08-24,196.26,1.22
2015-08-25,218.79,1.08
2015-08-26,222,1.14
2015-08-27,219.6,1.14
2015-08-28,226.35,1.15
2015-08-29,225.44,1.17
2015-08-30,224.2,0.9
2015-08-31,225.76,1.31
2015-09-01,225.57,1.14
2015-09-02,225.36,1.14
2015-09-03,225.75,1.28
2015-09-04,228.29,1.23
2015-09-05,234.74,1.34
2015-09-06,237.49,1.28
2015-09-07,239.23,1.26
2015-09-08,236.49,1.21
2015-09-09,234.31,1.12
2015-09-10,237.38,0.9242
2015-09-11,233.32,0.9242
2015-09-12,228.28,0.8837
2015-09-13,225.96,0.885
2015-09-14,228.03,0.804
2015-09-15,225.05,0.9363
2015-09-16,227.95,0.8238
2015-09-17,230.58,0.8523
2015-09-18,230.21,0.8013
2015-09-19,229.93,0.88
2015-09-20,225,0.8871
2015-09-21,224.07,0.8059
2015-09-22,228.5,0.8059
2015-09-23,229.57,0.8
2015-09-24,232.7,0.6823
2015-09-25,232.74,0.6805
2015-09-26,231.84,0.7007
2015-09-27,232.37,0.6
2015-09-28,234.8,0.5
2015-09-29,234.39,0.5046
2015-09-30,234.7,0.6545
2015-10-01,235.14,0.6548
2015-10-02,236.07,0.6647
2015-10-03,237.51,0.6095
2015-10-04,236.41,0.6078
2015-10-05,239.36,0.6091
2015-10-06,241.65,0.6
2015-10-07,241.57,0.6
2015-10-08,241.34,0.5701
2015-10-09,242.89,0.6351
2015-10-10,244.47,0.5993
2015-10-11,244.65,0.63
2015-10-12,243.11,0.6016
2015-10-13,248.28,0.5
2015-10-14,251.17,0.4832
2015-10-15,253.93,0.525
2015-10-16,261.74,0.52
2015-10-17,259.53,0.505
2015-10-18,259.89,0.4821
2015-10-19,262.7,0.44
2015-10-20,263.54,0.42
2015-10-21,266.8,0.411
2015-10-22,273.17,0.5
2015-10-23,277.01,0.51
2015-10-24,281.75,0.5875
2015-10-25,279.62,0.62
2015-10-26,285.09,0.7012
2015-10-27,294.02,0.82
2015-10-28,300.16,0.9717
2015-10-29,310.82,1.12
2015-10-30,304.6,0.8676
2015-10-31,304.72,0.8676
2015-11-01,319.75,0.9753
2015-11-02,354.58,0.8425
2015-11-03,368.62,0.7987
2015-11-04,366.08,0.799
2015-11-05,348.84,0.79
2015-11-06,368.98,0.8647
2015-11-07,365.49,0.8945
2015-11-08,360.17,0.89
2015-11-09,323.21,0.9
2015-11-10,292.38,0.73
2015-11-11,306.07,0.75
2015-11-12,323.91,0.8395
2015-11-13,326.35,0.8736
2015-11-14,314.16,0.8746
2015-11-15,314.06,0.6612
2015-11-16,328.15,0.9224
2015-11-17,329.42,0.95
2015-11-18,323.36,0.92
2015-11-19,309.48,0.91
2015-11-20,318.37,0.92
2015-11-21,319.35,0.8827
2015-11-22,319.89,0.92
2015-11-23,315.54,0.91
2015-11-24,315.69,0.8674
2015-11-25,327.4,0.8155
2015-11-26,345.15,0.88
2015-11-27,350.49,0.88
2015-11-28,354.55,0.85
2015-11-29,367.87,0.8674
2015-11-30,353.66,0.8423
2015-12-01,347.16,0.8
2015-12-02,355.47,0.7979
2015-12-03,354.31,0.8246
2015-12-04,361.5,0.8351
2015-12-05,382.62,0.825
2015-12-06,381.69,0.7829
2015-12-07,388.03,0.7796
2015-12-08,403.26,0.761
2015-12-09,409.53,0.7797
2015-12-10,413.72,0.77
2015-12-11,403.69,0.8998
2015-12-12,420.76,0.8835
2015-12-13,428.84,0.9628
2015-12-14,440.72,0.96
2015-12-15,437.37,0.8
2015-12-16,447.29,0.803
2015-12-17,453.46,0.9
2015-12-18,452.33,0.8935
2015-12-19,431.1,0.8935
2015-12-20,423.99,0.91
2015-12-21,433.25,0.88
2015-12-22,434.28,0.87
2015-12-23,441.76,0.85
2015-12-24,449.52,0.8569
2015-12-25,400.45,0.85
2015-12-26,406.09,0.84
2015-12-27,417.14,0.84
2015-12-28,419.3,0.8433
2015-12-29,420.77,0.86
2015-12-30,417.14,0.8925
2015-12-31,425.86,0.9184
2016-01-01,430.73,0.92
2016-01-02,423.09,0.9506
2016-01-03,428.6,0.9186
2016-01-04,428.87,0.9409
2016-01-05,425,0.9292
2016-01-06,428.52,0.93
2016-01-07,446.51,0.94
2016-01-08,444.9,0.9654
2016-01-09,438.62,0.9902
2016-01-10,441.77,1
2016-01-11,443.14,1.05
2016-01-12,420.39,1.07
2016-01-13,427.01,1.1
2016-01-14,364.71,1.16
2016-01-15,350.39,1.2
2016-01-16,377.71,1.21
2016-01-17,373.21,1.31
2016-01-18,375.89,1.22
2016-01-19,374.05,1.22
2016-01-20,403.86,1.4
2016-01-21,374.9,1.42
2016-01-22,380.27,1.39
2016-01-23,385.53,1.1
2016-01-24,386.85,2.05
2016-01-25,387.9,2.25
2016-01-26,389.35,1.88
2016-01-27,376.71,2.24
2016-01-28,363.49,2.21
2016-01-29,375.04,2.37
2016-01-30,366.88,2.2
2016-01-31,365.27,2
2016-02-01,371.4,2.12
2016-02-02,366.2,2.3
2016-02-03,368.05,2.5
2016-02-04,384.48,2.47
2016-02-05,372.87,2.48
2016-02-06,375.28,2.51
2016-02-07,372.1,2.75
2016-02-08,371.42,3.14
2016-02-09,374.09,3.5
2016-02-10,372.75,3.44
2016-02-11,379.32,5.05
2016-02-12,383.31,4.07
2016-02-13,390.06,4.5
2016-02-14,396.56,4.5
2016-02-15,398,4
2016-02-16,405.05,3.5
2016-02-17,414.78,3.32
2016-02-18,416.36,4.06
2016-02-19,419.49,4.01
2016-02-20,425.47,4
2016-02-21,431.3,4.5
2016-02-22,414.36,5.32
2016-02-23,410.36,5.51
2016-02-24,417.51,5.55
2016-02-25,419.11,5.71
2016-02-26,427.3,5.75
2016-02-27,421.22,6.15
2016-02-28,429.83,6
2016-02-29,428.49,6.25
2016-03-01,423.85,7.04
2016-03-02,414.94,8.3
2016-03-03,407.2,8.27
2016-03-04,386.93,9.75
2016-03-05,393.09,9.75
2016-03-06,401.98,9.06
2016-03-07,408.42,8.49
2016-03-08,408.94,9.6
2016-03-09,410.27,10.25
2016-03-10,415.11,10.4
2016-03-11,407.03,11.03
2016-03-12,409.57,12
2016-03-13,411.19,10.5
2016-03-14,412.31,10
2016-03-15,413.32,12.8
2016-03-16,415.33,10.2
2016-03-17,402.48,8.09
2016-03-18,402.13,9.8
2016-03-19,407.24,9.52
2016-03-20,407.25,9.93
2016-03-21,410.78,10.95
2016-03-22,414.18,10.96
2016-03-23,412.88,10.84
2016-03-24,412.41,10.51
2016-03-25,413.93,10.58
2016-03-26,415.5,10.11
2016-03-27,419.7,10.3
2016-03-28,406.36,11.19
2016-03-29,408.4,11.21
2016-03-30,411.45,11.33
2016-03-31,412.79,11.27
2016-04-01,415.09,11.35
2016-04-02,416.95,11.46
2016-04-03,416.21,10.99
2016-04-04,417.95,10.01
2016-04-05,419.54,10.25
2016-04-06,417.94,9.9
2016-04-07,415.5,9.59
2016-04-08,412.39,9
2016-04-09,416.69,7.35
2016-04-10,418.11,7.99
2016-04-11,420.7,7.15
2016-04-12,421.41,7
2016-04-13,421.84,8
2016-04-14,423.25,8.12
2016-04-15,426.84,8.15
2016-04-16,423.79,8.48
2016-04-17,424.35,8.46
2016-04-18,426.84,8.55
2016-04-19,432.51,8.35
2016-04-20,439.53,8
2016-04-21,441.9,7.66
2016-04-22,443.07,7.72
2016-04-23,447.89,7.82
2016-04-24,451.79,7.27
2016-04-25,459.23,7.1
2016-04-26,444.62,7.33
2016-04-27,433.9,7.25
2016-04-28,445.22,7.19
2016-04-29,446.65,7.46
2016-04-30,447.52,8.42
2016-05-01,440.21,8.75
2016-05-02,441.55,8.61
2016-05-03,444.22,9.21
2016-05-04,444.35,9.27
2016-05-05,445.72,9.09
2016-05-06,454.6,9.09
2016-05-07,454.94,8.91
2016-05-08,455.38,9.17
2016-05-09,446.81,9.22
2016-05-10,449.59,9.37
2016-05-11,448.4,9.79
2016-05-12,451.49,10.04
2016-05-13,453.58,9.74
2016-05-14,455,9.91
2016-05-15,450.73,9.93
2016-05-16,451.71,11.03
2016-05-17,452.35,12.11
2016-05-18,441.12,13.02
2016-05-19,435.42,13.36
2016-05-20,439.73,12.91
2016-05-21,436.94,13.77
2016-05-22,438.24,13.32
2016-05-23,442.02,11.9
2016-05-24,445.35,11.82
2016-05-25,447.67,12.04
2016-05-26,452.71,10.39
2016-05-27,467.05,10.34
2016-05-28,493.22,11.37
2016-05-29,512.81,12.03
2016-05-30,513.15,12.43
2016-05-31,521.3,13.4
2016-06-01,530.47,13.62
2016-06-02,534.34,13.17
2016-06-03,560.87,13.33
2016-06-04,567.77,13.49
2016-06-05,571.67,13.71
2016-06-06,543.63,13.77
2016-06-07,567.78,14.3
2016-06-08,569.26,14.37
2016-06-09,571.14,13.74
2016-06-10,576.29,13.76
2016-06-11,592.79,13.91
2016-06-12,652.78,15.33
2016-06-13,654.69,16.34
2016-06-14,670.45,17.51
2016-06-15,687.43,18.21
2016-06-16,704.21,13.44
2016-06-17,727.13,9.94
2016-06-18,740.38,10.55
2016-06-19,717.41,10.42
2016-06-20,626.05,11.08
2016-06-21,586.6,12.64
2016-06-22,539.28,12.48
2016-06-23,616.41,13.12
2016-06-24,640.79,13.89
2016-06-25,609.9,13.56
2016-06-26,615.22,13.6
2016-06-27,634.26,11.36
2016-06-28,621.76,11.59
2016-06-29,631.24,12.12
2016-06-30,661.09,11.65
2016-07-01,671.46,11.87
2016-07-02,644.61,11.56
2016-07-03,644.04,10.67
2016-07-04,657.31,8.98
2016-07-05,662.24,10.16
2016-07-06,604.95,9.69
2016-07-07,630.17,9.96
2016-07-08,620.68,10.68
2016-07-09,636.8,10.77
2016-07-10,639.97,10.1
2016-07-11,644.56,10.43
2016-07-12,656.04,10.39
2016-07-13,646.31,10.37
2016-07-14,656.5,11.4
2016-07-15,655.72,11.5
2016-07-16,660.13,10.9
2016-07-17,664.61,10.9
2016-07-18,663.63,10.95
2016-07-19,659.51,11.4
2016-07-20,657.82,12.02
2016-07-21,645.69,12.57
2016-07-22,647.98,13.99
2016-07-23,651.03,12.15
2016-07-24,651.08,12.59
2016-07-25,643.49,11.74
2016-07-26,646.04,11.73
2016-07-27,650.81,12.48
2016-07-28,650.99,12.56
2016-07-29,652.06,12.53
2016-07-30,621.42,11.54
2016-07-31,603.55,10.15
2016-08-01,471.36,7.03
2016-08-02,514.09,8.09
2016-08-03,559.5,10.25
2016-08-04,565.81,10.73
2016-08-05,565.33,10.34
2016-08-06,580.87,10.76
2016-08-07,585.41,10.83
2016-08-08,581.1,11.17
2016-08-09,580.87,11.86
2016-08-10,585.39,11.59
2016-08-11,582.2,11.58
2016-08-12,582.81,11.49
2016-08-13,559.93,11.08
2016-08-14,559.28,10.97
2016-08-15,563.38,10.98
2016-08-16,568.66,10.71
2016-08-17,570.83,10.74
2016-08-18,566.25,10.64
2016-08-19,572.28,10.68
2016-08-20,577.84,10.96
2016-08-21,577.13,11.04
2016-08-22,578.61,10.87
2016-08-23,576.82,10.92
2016-08-24,570.81,10.98
2016-08-25,575.83,11.19
2016-08-26,567.25,11.15
2016-08-27,569.21,10.98
2016-08-28,571.38,10.77
2016-08-29,572.51,10.94
2016-08-30,571.69,11.14
2016-08-31,569.37,11.55
2016-09-01,569.3,11.92
2016-09-02,572.64,11.55
2016-09-03,590.78,11.49
2016-09-04,598.77,11.59
2016-09-05,603.55,11.45
2016-09-06,606.24,11.5
2016-09-07,611.25,11.29
2016-09-08,617.32,11.29
2016-09-09,621.07,11.49
2016-09-10,592.79,11.58
2016-09-11,603.03,11.62
2016-09-12,604.87,11.82
2016-09-13,606.39,11.76
2016-09-14,605.1,11.89
2016-09-15,605.15,11.89
2016-09-16,604.52,12.43
2016-09-17,605.22,12.21
2016-09-18,606.99,12.36
2016-09-19,605.93,12.92
2016-09-20,591.69,13.18
2016-09-21,592.83,12.37
2016-09-22,594.11,13.08
2016-09-23,600.5,12.63
2016-09-24,598.35,12.79
2016-09-25,598.17,12.8
2016-09-26,601.73,12.83
2016-09-27,602.62,13.06
2016-09-28,602.01,13.09
2016-09-29,602.25,13.06
2016-09-30,607.07,13.07
2016-10-01,607.67,13.15
2016-10-02,608.47,13.18
2016-10-03,606.5,13.23
2016-10-04,607.98,13.09
2016-10-05,608.54,12.66
2016-10-06,609.12,12.5
2016-10-07,614.88,12.04
2016-10-08,613.01,11.97
2016-10-09,612.76,11.6
2016-10-10,615.6,11.7
2016-10-11,632.19,11.68
2016-10-12,632.25,11.74
2016-10-13,630.66,11.84
2016-10-14,635.06,11.76
2016-10-15,636.39,11.87
2016-10-16,634.89,11.82
2016-10-17,632.23,11.93
2016-10-18,624.09,11.88
2016-10-19,625.48,11.93
2016-10-20,627.58,11.97
2016-10-21,629.72,11.9
2016-10-22,648.78,11.9
2016-10-23,645.68,11.89
2016-10-24,647.65,11.08
2016-10-25,651.39,11.29
2016-10-26,672.26,11.21
2016-10-27,678.63,10.93
2016-10-28,685.22,9.42
2016-10-29,689.51,10.28
2016-10-30,682.17,10.86
2016-10-31,695.2,10.32
2016-11-01,718.14,10.69
2016-11-02,670.4,10.71
2016-11-03,681.27,10.8
2016-11-04,694.03,10.98
2016-11-05,697.63,10.89
2016-11-06,698.35,10.85
2016-11-07,700.96,10.79
2016-11-08,707.13,10.16
2016-11-09,707.31,10.44
2016-11-10,711.67,10.19
2016-11-11,701.08,9.64
2016-11-12,685.01,9.68
2016-11-13,696.11,9.9
2016-11-14,697.91,9.81
2016-11-15,708.14,9.85
2016-11-16,730.08,9.81
2016-11-17,730.95,9.42
2016-11-18,737.44,9.45
2016-11-19,712.77,9.5
2016-11-20,726.55,9.43
2016-11-21,730.62,9.51
2016-11-22,731.34,9.71
2016-11-23,726.19,8.69
2016-11-24,728.97,9.17
2016-11-25,725.62,9.25
2016-11-26,727.11,8.64
2016-11-27,727.74,8.56
2016-11-28,727.78,7.8
2016-11-29,730.57,8.07
2016-11-30,741.08,8.27
2016-12-01,752.25,7.3
2016-12-02,755.81,7.44
2016-12-03,758.8,7.42
2016-12-04,746.01,6.53
2016-12-05,750.91,5.97
2016-12-06,754.27,7.39
2016-12-07,761.17,8.19
2016-12-08,765.03,7.98
2016-12-09,769.19,8.01
2016-12-10,763,8.06
2016-12-11,767.86,8.15
2016-12-12,767.77,8.31
2016-12-13,771.01,8.2
2016-12-14,773.12,7.67
2016-12-15,773.31,7.75
2016-12-16,779.36,7.47
2016-12-17,783.8,7.66
2016-12-18,786.31,7.57
2016-12-19,787.12,7.54
2016-12-20,795.98,7.57
2016-12-21,828.87,7.48
2016-12-22,858.04,7.05
2016-12-23,880.79,7.02
2016-12-24,851.42,7.1
2016-12-25,885.88,6.98
2016-12-26,893.38,7.03
2016-12-27,925.49,7.03
2016-12-28,949.23,7.49
2016-12-29,927.4,7.99
2016-12-30,942.4,7.92
2016-12-31,956.1,8.02
2017-01-01,990.2,8.03
2017-01-02,1006.53,8.18
2017-01-03,1022.32,9.31
2017-01-04,874.53,9.07
2017-01-05,852.55,9.44
2017-01-06,806.66,9.47
2017-01-07,875.85,9.67
2017-01-08,870.91,10.03
2017-01-09,890.12,10.23
2017-01-10,751.63,9.49
2017-01-11,739.55,9.14
2017-01-12,771,9.47
2017-01-13,808.27,9.63
2017-01-14,808.63,9.73
2017-01-15,817.7,9.55
2017-01-16,825.04,9.56
2017-01-17,845.87,9.91
2017-01-18,870.71,10.17
2017-01-19,878.9,10.31
2017-01-20,889.46,10.54
2017-01-21,888.62,10.6
2017-01-22,910.85,10.63
2017-01-23,889.15,10.49
2017-01-24,883.63,10.4
2017-01-25,893.49,10.48
2017-01-26,907.92,10.41
2017-01-27,912.84,10.44
2017-01-28,912.68,10.44
2017-01-29,911.51,10.42
2017-01-30,917.38,10.53
2017-01-31,959.82,10.53
2017-02-01,973.5,10.57
2017-02-02,989.21,10.55
2017-02-03,1000.41,10.88
2017-02-04,1004.05,11.1
2017-02-05,1010.83,11.18
2017-02-06,1019.87,11.26
2017-02-07,1020.33,11.11
2017-02-08,924.65,10.53
2017-02-09,947.02,10.81
2017-02-10,983.93,11.28
2017-02-11,992.45,11.34
2017-02-12,975.1,11.19
2017-02-13,986.46,11.32
2017-02-14,999.73,12.63
2017-02-15,1007.39,12.64
2017-02-16,1025.87,12.68
2017-02-17,1044.68,12.71
2017-02-18,1037.67,12.74
2017-02-19,1040.99,12.48
2017-02-20,1073.54,12.25
2017-02-21,1094.83,12.62
2017-02-22,1113.54,12.64
2017-02-23,1092.41,12.72
2017-02-24,1116.21,12.97
2017-02-25,1130.61,13.37
2017-02-26,1164.27,14.3
2017-02-27,1175.75,15.19
2017-02-28,1154.55,15.68
2017-03-01,1211.96,16.58
2017-03-02,1250.8,17.81
2017-03-03,1228.73,18.56
2017-03-04,1242.1,18.1
2017-03-05,1261,19
2017-03-06,1148.66,18.52
2017-03-07,1136.88,16.51
2017-03-08,1129.35,15.94
2017-03-09,988.69,16.57
2017-03-10,1104.78,18.72
2017-03-11,1160.9,21.2
2017-03-12,1205.61,23.3
2017-03-13,1218.38,26.91
2017-03-14,1236.43,28.31
2017-03-15,1118.96,34.76
2017-03-16,1063.48,34.55
2017-03-17,940.18,30.63
2017-03-18,967.31,33.4
2017-03-19,1005.05,40.93
2017-03-20,1043.87,41.68
2017-03-21,997.78,38.56
2017-03-22,1022.02,40.59
2017-03-23,927.35,42.77
2017-03-24,890.43,47.62
2017-03-25,946.65,48.45
2017-03-26,961.8,48.33
2017-03-27,1015.45,48.5
2017-03-28,1008.34,50.08
2017-03-29,1020.93,51.36
2017-03-30,1035.18,46.83
2017-03-31,1067.47,48.65
2017-04-01,1074.21,47.58
2017-04-02,1095.55,42.49
2017-04-03,1122.15,41.28
2017-04-04,1110.06,44.12
2017-04-05,1130.51,40.99
2017-04-06,1173.18,41.58
2017-04-07,1166.65,42.17
2017-04-08,1173.99,42.79
2017-04-09,1194.81,42.49
2017-04-10,1195.76,43.47
2017-04-11,1207.36,43.26
2017-04-12,1150.29,46.14
2017-04-13,1162.16,46.53
2017-04-14,841.53,46.89
2017-04-15,1166.74,47.54
2017-04-16,1172.81,47.57
2017-04-17,1191.14,47.75
2017-04-18,1194.08,46.86
2017-04-19,1210.67,47.51
2017-04-20,1235.56,48.09
2017-04-21,1215.78,47.98
2017-04-22,1223.06,47.91
2017-04-23,1234.86,48.72
2017-04-24,1244.21,49.79
2017-04-25,1263,50.01
2017-04-26,1285.3,52.43
2017-04-27,1287.62,62.08
2017-04-28,1314.15,67.62
2017-04-29,1309.66,69.28
2017-04-30,1342.78,71.46
2017-05-01,1394.83,74.64
2017-05-02,1424.05,75.4
2017-05-03,1437.11,79.34
2017-05-04,1485.01,87.11
2017-05-05,1503.93,90.56
2017-05-06,1495.18,62.74
2017-05-07,1552.86,80.93
2017-05-08,1619.97,75.07
2017-05-09,1664.99,84.99
2017-05-10,1741.54,85.77
2017-05-11,1641.18,83.15
2017-05-12,1594.59,81.81
2017-05-13,1736.13,86.33
2017-05-14,1656.81,86.75
2017-05-15,1653.72,85.68
2017-05-16,1703.97,81.99
2017-05-17,1791.12,86.69
2017-05-18,1875.28,95.73
2017-05-19,1944.4,120.61
2017-05-20,1980.07,121.72
2017-05-21,1998.61,133.38
2017-05-22,2110.78,155.06
2017-05-23,2263.29,167.81
2017-05-24,2210.48,160.86
2017-05-25,2051.45,141.56
2017-05-26,1868.56,114.17
2017-05-27,2051.07,156.51
2017-05-28,2117.34,165.36
2017-05-29,2147.1,185.83
2017-05-30,2168.37,214.05
2017-05-31,2303.34,208
2017-06-01,2385.59,216.94
2017-06-02,2449.95,218.79
2017-06-03,2478.18,223.88
2017-06-04,2523.92,241.5
2017-06-05,2699.68,246.5
2017-06-06,2626.56,246.17
2017-06-07,2623.61,250.89
2017-06-08,2786.07,259.36
2017-06-09,2807.36,278.79
2017-06-10,2867.25,314.39
2017-06-11,2483.63,311.99
